dataset,model,mode,auprc_mean,auprc_std,auprc_gain_mean,auprc_gain_std,auroc_mean,auroc_std,recall_at_1pct_fpr_mean,recall_at_1pct_fpr_std,distinct_levels_mean,distinct_levels_std,n_seeds
annthyroid,qwen2.5-3b,likelihood,0.6917495174075129,0.002633987423845355,5.009354651338675,0.019074212299644223,0.9347530258643841,0.005351829910267207,0.2940074906367041,0.011390941067974187,,,3
annthyroid,qwen2.5-3b,prompted,0.1885037485096592,0.004898947865142806,1.365063661960397,0.03547608875375891,0.5894345988906006,0.0007469818702052297,0.03682896379525593,0.008649442235050571,3783.0,1.0,3
annthyroid,smol-360,likelihood,0.6764645435376337,0.014033987620081814,4.8986673967416285,0.10162814630497424,0.924790419116818,0.00039421545106284794,0.29275905118601747,0.023563777887861268,,,3
annthyroid,smol-360,prompted,0.1924058217853322,0.004423655143320166,1.3933208105690629,0.032034221796290556,0.5712739813307174,0.0053855553227540875,0.03433208489388265,0.0010811802793813197,2112.6666666666665,16.07275126832155,3
arrhythmia,qwen2.5-3b,likelihood,0.6293196422089248,0.027474524085263168,2.469602838365326,0.10781669300126011,0.8211126812163081,0.012086835967383027,0.07575757575757576,0.015151515151515152,,,3
arrhythmia,qwen2.5-3b,prompted,0.2871936606117753,0.017066471279064913,1.1270175469462094,0.0669729706254214,0.558434081750144,0.028010466956479775,0.0,0.0,258.0,0.0,3
arrhythmia,smol-360,likelihood,0.6365715581431824,0.03459870540900288,2.49806111453158,0.13577370758987467,0.8093892290783482,0.009926492647557664,0.0909090909090909,0.0262431940540739,,,3
arrhythmia,smol-360,prompted,0.29541807107294843,0.01262653530262464,1.1592921273923278,0.04954958550575433,0.5152692730412938,0.018844001671909874,0.015151515151515152,0.0,211.66666666666666,2.309401076758499,3
breastw,qwen2.5-3b,likelihood,0.9870546533579607,0.008129536823764232,1.903900398318075,0.01568082207429005,0.9899858017012829,0.004363845114937114,0.6415620641562064,0.25109251080541845,,,3
breastw,qwen2.5-3b,prompted,0.36148105554117693,0.0038218241255711,0.6972500694748224,0.007371803020453062,0.17989747069244977,0.008969869070646168,0.0,0.0,360.0,5.196152422706632,3
breastw,smol-360,likelihood,0.99220844489222,0.004333801280827829,1.9138413937042404,0.008359340545864525,0.9930767587671353,0.003012110549048607,0.7001394700139469,0.20327724629234173,,,3
breastw,smol-360,prompted,0.7425893148929004,0.015815834380285842,1.4323584693122473,0.03050669309335477,0.6793917348310653,0.01803259692625996,0.1603905160390516,0.00483138300577094,276.3333333333333,5.131601439446882,3
cardio,qwen2.5-3b,likelihood,0.6702121512700084,0.008936238651458974,3.8232556811084577,0.050977179579913684,0.8527233384570341,0.010619120950946184,0.3503787878787879,0.03471648253754425,,,3
cardio,qwen2.5-3b,prompted,0.14758655258877065,0.0034605469893773436,0.8419141977223054,0.019740847598493465,0.4293249524227785,0.011576124159386036,0.0,0.0,962.3333333333334,5.131601439446868,3
cardio,smol-360,likelihood,0.6998684525725666,0.00624274892901481,3.9924313999025958,0.035612045026879986,0.8855813570487484,0.0021457971991526875,0.3125,0.00984119777027771,,,3
cardio,smol-360,prompted,0.1885135576165876,0.005275518680618687,1.0753841582218975,0.030094436109892948,0.5437847679695506,0.01413424228706655,0.003787878787878788,0.006560798513518475,498.6666666666667,8.962886439832493,3
covertype,qwen2.5-3b,likelihood,0.11081872959800282,0.01688146631503043,5.825264985981948,0.8873862296897578,0.8484620048232131,0.014831465022231961,0.11078752578570561,0.013495450314560845,,,3
covertype,qwen2.5-3b,prompted,0.03204503978788701,0.00015828449032275673,1.6844702057849688,0.008320336306380006,0.7177333607456027,0.0010131127187262394,0.008130081300813009,0.00021017483406975812,40353.0,135.834458073053,3
covertype,smol-360,likelihood,0.12343723029276958,0.0004597776680848418,6.488565409470456,0.024168538666223174,0.9037270235270825,0.0002544624375840998,0.09671156413056668,0.000556070342792842,,,3
covertype,smol-360,prompted,0.12381655608202857,0.00045397131343845326,6.508504938162637,0.023863323523074426,0.8150856330036973,0.0007246338257461923,0.15447154471544713,0.0027322728429068524,3248.0,9.848857801796104,3
ecoli,qwen2.5-3b,likelihood,0.3393317960260384,0.071933087067823,6.522711190278294,1.3827137847481539,0.7992321589882566,0.03000470402934494,0.1851851851851852,0.06415002990995841,,,3
ecoli,qwen2.5-3b,prompted,0.1031031929684418,0.0024083929887098086,1.9818724870600477,0.04629466522742184,0.7477416440831076,0.006295103823291077,0.0,0.0,173.0,0.0,3
ecoli,smol-360,likelihood,0.5906961254295099,0.1639026147535175,11.35449218881169,3.1505724835953917,0.8328816621499548,0.03186683443463628,0.4444444444444444,0.2222222222222222,,,3
ecoli,smol-360,prompted,0.04261537264992913,0.00454758769701699,0.8191621631597488,0.0874147412871043,0.35399728997289975,0.07649228516366004,0.0,0.0,159.33333333333334,4.041451884327384,3
glass,qwen2.5-3b,likelihood,0.2873072488048955,0.08448558891302178,3.575379096238699,1.0513762175842711,0.8234448040273282,0.02451237248062461,0.1111111111111111,0.1111111111111111,,,3
glass,qwen2.5-3b,prompted,0.06434583707731294,0.0014699656109669393,0.8007481947398943,0.018292905380921945,0.3444804027328299,0.016513430425321857,0.0,0.0,112.0,0.0,3
glass,smol-360,likelihood,0.1817253446795735,0.02403570021590892,2.26147095601247,0.2991109360201998,0.7799352750809061,0.01944741788276163,0.0,0.0,,,3
glass,smol-360,prompted,0.10874200328210647,0.02683486831103683,1.353233818621769,0.3339450278706805,0.5235526788924848,0.04039670050152306,0.0,0.0,106.66666666666667,0.5773502691896247,3
heart,qwen2.5-3b,likelihood,0.9609968242109131,0.0036573627416121384,1.0879209330689583,0.0041404106508816175,0.7603324348607368,0.011769969582225004,0.22169811320754718,0.05891507545658867,,,3
heart,qwen2.5-3b,prompted,0.9110427011022016,0.010556850314405657,1.031369095587398,0.01195115129932722,0.5907457322551662,0.026783241959282767,0.036163522012578615,0.0054467006527323175,240.0,0.0,3
heart,smol-360,likelihood,0.9678544655412136,0.002265753590891647,1.0956843006126946,0.002565004065160373,0.7957097933513028,0.011879173494898657,0.28773584905660377,0.09422162431810463,,,3
heart,smol-360,prompted,0.8834470949137074,0.011928574414100517,1.000128786694763,0.013504046506528734,0.47211927223719674,0.03651698947927872,0.01729559748427673,0.0118708088604886,207.0,1.0,3
http,qwen2.5-3b,likelihood,0.6727918319105707,0.13025510291405995,86.67938366299666,16.781464197460224,0.9984123621290104,0.0010766358865412467,1.0,0.0,,,3
http,qwen2.5-3b,prompted,0.00959711856705789,1.2125804105270653e-05,1.236448308195059,0.0015622324416132483,0.24740796995589534,0.00011465716562784921,0.00045228403437358656,0.0,4866.666666666667,25.383721817994658,3
http,smol-360,likelihood,0.7887552585862242,0.010203383516445435,101.61957448420576,1.3145566764256282,0.9993118229254421,5.75022827573197e-05,1.0,0.0,,,3
http,smol-360,prompted,0.25385723004968863,0.003199653208578151,32.70578980814295,0.41222850055610255,0.9591136122631783,0.0010521808157909448,0.016282225237449117,0.0,1771.6666666666667,8.736894948054097,3
ionosphere,qwen2.5-3b,likelihood,0.9543897286611006,0.010119012601672332,1.8103106757936747,0.019194000093648175,0.941354122770052,0.011213804136124125,0.6851851851851851,0.06749921069932846,,,3
ionosphere,qwen2.5-3b,prompted,0.4430964169359688,0.007006929727788584,0.8404765368864804,0.013290922261440255,0.38980193847450484,0.01134826571272317,0.0,0.0,238.0,0.0,3
ionosphere,smol-360,likelihood,0.9170032113774962,0.014249422846297462,1.7393949803112825,0.027028667144961018,0.8997050147492626,0.009801688453108316,0.5238095238095238,0.08584645893961881,,,3
ionosphere,smol-360,prompted,0.6265615975563548,0.01631785635201007,1.1884779509203873,0.03095212435024136,0.610116121178068,0.019098781612573543,0.026455026455026454,0.032075014954979206,202.66666666666666,3.5118845842842425,3
letter_recognition,qwen2.5-3b,likelihood,0.35484106884309236,0.02674224549931682,3.016149085166285,0.2273090867441931,0.7821733333333333,0.009955750990145238,0.08,0.0264575131106459,,,3
letter_recognition,qwen2.5-3b,prompted,0.15748846773932781,0.00528056531904503,1.3386519757842865,0.0448848052118828,0.5745511111111111,0.0033681998709058246,0.02,0.0,848.0,2.0,3
letter_recognition,smol-360,likelihood,0.1610459533871875,0.0028960424785275307,1.3688906037910937,0.02461636106748404,0.6140311111111112,0.002862053135102193,0.01,0.0,,,3
letter_recognition,smol-360,prompted,0.1378554241904568,0.004192546917811222,1.1717711056188829,0.035636648801395304,0.5284511111111111,0.0007201954467237058,0.013333333333333334,0.005773502691896258,540.3333333333334,7.505553499465143,3
lymphography,qwen2.5-3b,likelihood,0.9353294853294853,0.03990038155784732,12.003395061728396,0.5120548966590407,0.9913928012519562,0.005907538681745479,0.7777777777777778,0.09622504486493767,,,3
lymphography,qwen2.5-3b,prompted,0.4093771306966172,0.040921229507335864,5.253673177273254,0.5251557786774772,0.6533646322378717,0.021299933628820305,0.27777777777777773,0.09622504486493763,77.0,0.0,3
lymphography,smol-360,likelihood,0.9689153439153438,0.035289210507815034,12.434413580246913,0.45287820151696007,0.996870109546166,0.003585739980403658,0.8333333333333334,0.1666666666666667,,,3
lymphography,smol-360,prompted,0.08217279220624932,0.018134891601946146,1.054550833313533,0.23273110889164222,0.3536776212832551,0.03794790501715852,0.0,0.0,76.0,1.0,3
mammography,qwen2.5-3b,likelihood,0.45346616442309035,0.015903179588555146,9.979743818572778,0.34999228309889363,0.8791935423297561,0.0011348369035222672,0.3397435897435897,0.03635242789425082,,,3
mammography,qwen2.5-3b,prompted,0.06145821405918226,0.0004560343290023354,1.3525534647947726,0.010036263194428347,0.5864833018805923,0.0026476648964757444,0.0038461538461538464,0.0,3684.6666666666665,16.50252505931537,3
mammography,smol-360,likelihood,0.35173498383888874,0.008158886197157343,7.7408752981773885,0.1795582570005167,0.8643070069196032,0.0010881566495431598,0.23076923076923075,0.007692307692307693,,,3
mammography,smol-360,prompted,0.07074528429106755,0.004442182194347063,1.5569404488980325,0.0977621789078996,0.5461000948276672,0.008717882312983656,0.032051282051282055,0.00888231183368655,2063.3333333333335,6.350852961085949,3
mulcross,qwen2.5-3b,likelihood,1.0,0.0,5.5000762951094835,0.0,1.0,0.0,1.0,0.0,,,3
mulcross,qwen2.5-3b,prompted,0.32680566485111995,0.00035127864894747535,1.7974560903551395,0.0019320593700541142,0.7405684353016518,0.00028151716747620663,0.0,0.0,96669.0,181.67828709011982,3
mulcross,smol-360,likelihood,0.9999511550929284,3.479089667658895e-05,5.499807644393962,0.00019135258609680018,0.9999920276520581,4.726829267700229e-06,1.0,0.0,,,3
mulcross,smol-360,prompted,0.46589314215526034,0.00020069052027800693,2.56244782722222,0.0011038131732341457,0.8337312300774774,0.00014199775868359993,0.019264515144579233,0.0,14239.666666666666,38.78573620976342,3
musk,qwen2.5-3b,likelihood,0.9999999999999999,0.0,16.288659793814432,0.0,1.0,0.0,1.0,0.0,,,3
musk,qwen2.5-3b,prompted,0.10394861524855843,0.004358808762776433,1.6931836298218796,0.07099915304316255,0.6364200920860242,0.004593140690408829,0.034364261168384876,0.00595206463082088,1572.3333333333333,0.5773502691896586,3
musk,smol-360,likelihood,0.9999999999999999,0.0,16.288659793814432,0.0,1.0,0.0,1.0,0.0,,,3
musk,smol-360,prompted,0.18959613544535445,0.010798941984030546,3.08826694849134,0.17590029211101288,0.7214756935996274,0.007970370665654283,0.08247422680412371,0.010309278350515469,694.6666666666666,13.650396819628853,3
optdigits,qwen2.5-3b,likelihood,0.234716250755263,0.015980970070346316,4.198291338509137,0.285846284658261,0.902149405623547,0.007694928645516181,0.02666666666666667,0.011547005383792516,,,3
optdigits,qwen2.5-3b,prompted,0.04645993552143188,0.0003458785554414188,0.8310133800266781,0.006186614428328869,0.45170548756415324,0.004375753830229766,0.0,0.0,2659.0,1.0,3
optdigits,smol-360,likelihood,0.22682527655213894,0.013399540285396493,4.057148113262592,0.2396731105714583,0.8916839935079177,0.004703660098639789,0.008888888888888889,0.010183501544346312,,,3
optdigits,smol-360,prompted,0.08399565018568532,0.005662393700743314,1.5024021963212915,0.10128134866062888,0.6039000745712154,0.004503697348133505,0.008888888888888889,0.010183501544346312,488.3333333333333,7.571877794400373,3
pendigits,qwen2.5-3b,likelihood,0.35563448166399403,0.010912770823726943,8.00861496208725,0.24574720451123572,0.8885789102500451,0.00659416287473616,0.25427350427350426,0.01334401281709059,,,3
pendigits,qwen2.5-3b,prompted,0.028646921634497762,0.00010154030921235724,0.6451066391153246,0.002286609655532139,0.2913318642764577,0.002301810980006411,0.0,0.0,3494.6666666666665,0.5773502691896586,3
pendigits,smol-360,likelihood,0.4555951153736328,0.017276406428294755,10.259651540433152,0.3890513832217919,0.9484429779335946,0.0027505219208618075,0.3397435897435897,0.023112508176051188,,,3
pendigits,smol-360,prompted,0.0633688074136302,0.00026125997102435577,1.4270167977184798,0.005883373578259966,0.6059878707331791,0.001080639490663923,0.019230769230769232,0.0,1617.6666666666667,23.18045153428498,3
pima,qwen2.5-3b,likelihood,0.6577682071779151,0.0074007492156406805,1.2713579526797016,0.01430443318545471,0.6473930348258706,0.00637263330082254,0.0236318407960199,0.011399442027253332,,,3
pima,qwen2.5-3b,prompted,0.5122807430372643,0.0064452756443019316,0.990154570497399,0.012457659640852197,0.4678258706467662,0.009299625400961232,0.02611940298507463,0.0,518.0,0.0,3
pima,smol-360,likelihood,0.6705040426651495,0.002691440407930531,1.2959742317184608,0.005202112430253826,0.6619303482587064,0.000783593934996903,0.03980099502487562,0.008617168196860085,,,3
pima,smol-360,prompted,0.5449085800667883,0.010664116351028369,1.0532188226664045,0.020611986081465253,0.5366467661691542,0.019396636925551897,0.017412935323383085,0.004308584098430042,445.3333333333333,2.0816659994661384,3
satellite,qwen2.5-3b,likelihood,0.872102709734157,0.002322660535942395,1.8144533784056431,0.0048324116062141344,0.8592009733881051,0.0016054182823469355,0.3973477406679764,0.00512785191989712,,,3
satellite,qwen2.5-3b,prompted,0.4252623176477551,0.0019773539406143137,0.8847795567563314,0.004113983935384112,0.4245035571828302,0.002669222225227783,0.004747871643745907,0.0007502579723241391,4218.0,2.0,3
satellite,smol-360,likelihood,0.7358357018331537,0.0011383269271590952,1.5309430417314536,0.00236834620012082,0.6623643731023398,0.0021425540706906457,0.36345776031434185,0.0014734774066797462,,,3
satellite,smol-360,prompted,0.49761029250042116,0.0036532136735634084,1.0353031429429196,0.007600694067394353,0.5151294874084659,0.0053384290214687925,0.013261296660117878,0.000850712577391393,2106.0,11.532562594670797,3
satimage-2,qwen2.5-3b,likelihood,0.8953699212591629,0.03158534668601569,37.03804871462199,1.306565679110255,0.9967385143613483,0.0007765491323029024,0.9530516431924884,0.021514439882421802,,,3
satimage-2,qwen2.5-3b,prompted,0.015529279663460835,0.00011012973177985885,0.6423872446702039,0.004555648200527396,0.28118887785891905,0.005876241263235042,0.0,0.0,2924.6666666666665,3.0550504633038438,3
satimage-2,smol-360,likelihood,0.9585062778775334,0.00901532339665001,39.64975969191994,0.37292964529522543,0.9977721645059939,0.00020897999243478591,0.971830985915493,0.0,,,3
satimage-2,smol-360,prompted,0.03411372096950165,0.0003170449535573868,1.4111549082736108,0.01311494406476114,0.640904042538553,0.0012561122237063945,0.014084507042253521,0.0,1635.3333333333333,11.59022576714244,3
seismic,qwen2.5-3b,likelihood,0.27210546033251143,0.0051888731010845054,2.2040542286933427,0.042029872118784145,0.7396770472895039,0.0029889746027567227,0.041176470588235294,0.0058823529411764705,,,3
seismic,qwen2.5-3b,prompted,0.09309904986423621,0.0022931250936382218,0.7541023039003134,0.01857431325846965,0.3495776272397941,0.008734351247947759,0.00392156862745098,0.003396178054056622,1308.3333333333333,14.047538337137015,3
seismic,smol-360,likelihood,0.27510127032642484,0.003414520029568124,2.2283202896440413,0.02765761223950173,0.741338921649853,0.0034042250805826034,0.03529411764705882,0.0058823529411764705,,,3
seismic,smol-360,prompted,0.09640233735222169,0.0033161954453084985,0.7808589325529957,0.02686118310699886,0.38631268580340167,0.008042963339728945,0.0058823529411764705,0.0,604.6666666666666,6.3508529610858755,3
shuttle,qwen2.5-3b,likelihood,0.9958462954131456,0.0022763824195154224,7.460763587168152,0.01705438996380862,0.9995286878235734,8.289065055739345e-05,0.9897465109655369,0.0012414978477757685,,,3
shuttle,qwen2.5-3b,prompted,0.21714962920573078,0.0005987911086329407,1.6268595404806445,0.004486072720444619,0.7488865160277941,0.000790411713207898,0.00484192537738536,0.0,10945.666666666666,42.193996413391886,3
shuttle,smol-360,likelihood,0.9785291360509997,0.0035430736034297084,7.33102546131743,0.026544291673202665,0.9982824130035475,0.00011574145763710555,0.9840501281686129,0.0009866424423633608,,,3
shuttle,smol-360,prompted,0.8611009745126496,0.0015764185991026585,6.451267454736752,0.011810343158871073,0.9476709590555087,0.0003123747970512098,0.6701794360581032,0.004583730259023383,3108.3333333333335,9.451631252505152,3
smtp,qwen2.5-3b,likelihood,0.5082449841923625,0.040986925292402644,806.2967844222371,65.02302451471063,0.925220351019817,0.002404724513985641,0.6999999999999998,0.0,,,3
smtp,qwen2.5-3b,prompted,0.00947987097977653,0.0008315746949714642,15.039183318016816,1.3192378152592306,0.6444275078433983,0.0002672643985044041,0.20000000000000004,0.0,5161.666666666667,17.243356208503315,3
smtp,smol-360,likelihood,0.5997177441539572,0.006906796488683167,951.4122199173095,10.957172176196572,0.9192796921977168,0.0004067568472223526,0.6666666666666666,0.0,,,3
smtp,smol-360,prompted,0.001229259651280556,8.658804368331967e-06,1.9501384861131834,0.013736615876734222,0.7381032642086401,0.00144972135159146,0.0,0.0,2924.0,18.083141320025124,3
speech,qwen2.5-3b,likelihood,0.03749013136164788,0.002342292106375106,1.151746002815215,0.07195828536634352,0.46851066523197665,0.010829375473441687,0.01639344262295082,0.0,,,3
speech,qwen2.5-3b,prompted,0.04617860470234988,0.0004076722949493422,1.4186672985607158,0.012524227553033923,0.5791324948233614,0.006719806029800612,0.03278688524590164,0.0,1866.6666666666667,4.618802153517023,3
speech,smol-360,likelihood,0.037322172212392896,0.002421233055505374,1.1465860774758079,0.07438345485273884,0.4685317636137308,0.011382293125681873,0.01639344262295082,0.0,,,3
speech,smol-360,prompted,0.0334353844399656,0.0005646320374053612,1.0271788596802547,0.01734623669012527,0.4937865265734118,0.0073920576966167405,0.0,0.0,1872.6666666666667,1.5275252316519776,3
thyroid,qwen2.5-3b,likelihood,0.8336204010631046,0.02439974682856074,17.326755217795498,0.5071474260172906,0.9909264453794608,0.00034840012782962645,0.8172043010752689,0.021505376344086086,,,3
thyroid,qwen2.5-3b,prompted,0.0541610101201569,0.00048757431414962087,1.1257336834651968,0.010134205905926955,0.5836099423406577,0.0016997106606291053,0.01075268817204301,0.0,1867.3333333333333,6.6583281184794,3
thyroid,smol-360,likelihood,0.8530170837150278,0.02194555868997103,17.729914223883323,0.4561372575023016,0.9917192613370734,0.0006662760468412534,0.8136200716845878,0.006208067410641228,,,3
thyroid,smol-360,prompted,0.08506593562171334,0.01054030593946094,1.7680908984599129,0.21907969226858068,0.615255376344086,0.01538453656710574,0.04301075268817204,0.01075268817204301,1278.3333333333333,14.1891977691952,3
vertebral,qwen2.5-3b,likelihood,0.19625853659669787,0.01289473302196744,0.8831634146851405,0.0580262985988535,0.37513227513227515,0.03409460750404614,0.03333333333333333,0.03333333333333333,,,3
vertebral,qwen2.5-3b,prompted,0.32120578461252713,0.022837065694388373,1.4454260307563722,0.10276679562474764,0.6880423280423281,0.03160976043459534,0.011111111111111112,0.019245008972987525,125.66666666666667,1.1547005383792495,3
vertebral,smol-360,likelihood,0.17595624502054705,0.00689612752547172,0.7918031025924618,0.03103257386462271,0.3747089947089947,0.02659160511644639,0.0,0.0,,,3
vertebral,smol-360,prompted,0.21185645707702908,0.012469973124954915,0.953354056846631,0.056114879062297146,0.49312169312169307,0.03511107283980426,0.0,0.0,116.66666666666667,2.516611478423583,3
vowels,qwen2.5-3b,likelihood,0.6575439478282623,0.05460636118928433,9.902611854293632,0.8223717995106224,0.9560834518729256,0.009359511479670034,0.41333333333333333,0.030550504633038916,,,3
vowels,qwen2.5-3b,prompted,0.19676249486243158,0.008741833211121902,2.96324317262822,0.13165200815949576,0.6564153627311523,0.002206074997403333,0.12,0.0,748.0,1.0,3
vowels,smol-360,likelihood,0.1869866932961125,0.023462905824314824,2.816019601039455,0.3533513617141808,0.7077667140825036,0.01076951760405961,0.060000000000000005,0.0721110255092798,,,3
vowels,smol-360,prompted,0.10641425938799302,0.005790635046942007,1.602598746383175,0.08720696380694652,0.5824134660976766,0.00787879586168461,0.02666666666666667,0.011547005383792516,584.6666666666666,5.131601439446888,3
wbc,qwen2.5-3b,likelihood,0.8202575168553615,0.061000024206756716,7.811976351003445,0.5809526114929207,0.9526469805799413,0.006255906366749021,0.6190476190476191,0.08247860988423221,,,3
wbc,qwen2.5-3b,prompted,0.0788440958771235,0.0015244703955857573,0.7508961512107001,0.014518765672245332,0.3481422364103928,0.011603018460235091,0.0,0.0,199.33333333333334,0.5773502691896278,3
wbc,smol-360,likelihood,0.6865054105804559,0.052812773856675176,6.538146767432913,0.5029787986350015,0.9242706393544382,0.004132723312133018,0.31746031746031744,0.0549857399228215,,,3
wbc,smol-360,prompted,0.463383801522891,0.05077028545684155,4.413179062122771,0.4835265281603956,0.7555644231621885,0.010512602828655447,0.19047619047619047,0.047619047619047616,162.33333333333334,2.5166114784235867,3
wine,qwen2.5-3b,likelihood,0.665589308145089,0.17137533719489056,4.659125157015623,1.1996273603642336,0.915,0.052068331172710994,0.13333333333333333,0.11547005383792516,,,3
wine,qwen2.5-3b,prompted,0.08916714395939544,0.0008444189306436727,0.6241700077157681,0.005910932514505711,0.11833333333333333,0.010408329997330672,0.0,0.0,70.0,0.0,3
wine,smol-360,likelihood,0.6002464057366018,0.143991563767533,4.201724840156213,1.0079409463727311,0.9166666666666666,0.0360940130461795,0.10000000000000002,0.1,,,3
wine,smol-360,prompted,0.26072040362086296,0.015874199731403332,1.8250428253460405,0.11111939811982338,0.6430555555555555,0.015122952876462458,0.0,0.0,61.0,1.7320508075688772,3
yeast,qwen2.5-3b,likelihood,0.27189932786302284,0.0056250557329479475,2.2610575685451373,0.04677677925293563,0.7376801716521518,0.008991253046234958,0.03508771929824561,0.006077371254627639,,,3
yeast,qwen2.5-3b,prompted,0.06978628305117712,0.0001920230122699509,0.5803280380045255,0.0015968229441395523,0.17346964533636247,0.0035130479158617623,0.0,0.0,776.3333333333334,1.1547005383792432,3
yeast,smol-360,likelihood,0.32149774006832166,0.012599447538509813,2.6735075226734115,0.10477435321497625,0.7761100593209642,0.004758289919780355,0.07017543859649122,0.006077371254627638,,,3
yeast,smol-360,prompted,0.3500523971251254,0.009496573876119163,2.910962039251043,0.07897150907509631,0.7144818881736716,0.018549419332098475,0.11228070175438597,0.033837371091203355,525.6666666666666,8.962886439832493,3
